{
  "metadata": {
    "format": "zigpy/open-coordinator-backup",
    "version": 1,
    "source": "zigbee-herdsman@0.57.3",
    "internal": {
      "date": "2024-09-21T20:12:44.612Z",
      "znpVersion": 2
    }
  },
  "stack_specific": {
    "zstack": {
      "tclk_seed": "52f3e61bfea409044e7729c4b4cbd139"
    }
  },
  "coordinator_ieee": "00124b002ea8e680",
  "pan_id": "1a62",
  "extended_pan_id": "00124b002ea8e680",
  "nwk_update_id": 1,
  "security_level": 5,
  "channel": 15,
  "channel_mask": [
    11
  ],
  "network_key": {
    "key": "01030507090b0d0f00020406080a0c0d",
    "sequence_number": 0,
    "frame_counter": 2406413
  },
  "devices": [
    {
      "nwk_address": "ceb5",
      "ieee_address": "a4c138e342bdfb48",
      "is_child": true
    },
    {
      "nwk_address": "b1be",
      "ieee_address": "28dba7fffe1af100",
      "is_child": true,
      "link_key": {
        "key": "5202fce50103d22c4e86333a4b6c0a11",
        "rx_counter": 0,
        "tx_counter": 121
      }
    }
  ]
}